weekend	day	existing_id	existing_name	printed_name	stage	start	end	result	note	source	observedAt
W1	1	af01	Asleep At The Wheel	Asleep At The Wheel	tmobile	13:00	13:45	same		https://cdn.prod.website-files.com/67456b422d0e4219d58ef713/6abd6fcc6ad76655bebdac03_ACL26-Schedule-Wk1-Fri-9.30.webp	2026-09-30
W2	1	af02	Happy Landing	Happy Landing	tmobile	13:00	13:45	same		https://cdn.prod.website-files.com/67456b422d0e4219d58ef713/6abd6fead03949087f72e4c5_ACL26-Schedule-Wk2-Fri-9.30.webp	2026-09-30
W1	1	af03	New Constellations	New Constellations	tmobile	14:30	15:15	same		https://cdn.prod.website-files.com/67456b422d0e4219d58ef713/6abd6fcc6ad76655bebdac03_ACL26-Schedule-Wk1-Fri-9.30.webp	2026-09-30
W2	1	af04	Bella Kay	Bella Kay	tmobile	14:30	15:15	same		https://cdn.prod.website-files.com/67456b422d0e4219d58ef713/6abd6fead03949087f72e4c5_ACL26-Schedule-Wk2-Fri-9.30.webp	2026-09-30
W1	1	af05	Jesse Welles	Jesse Welles	tmobile	16:15	17:15	same		https://cdn.prod.website-files.com/67456b422d0e4219d58ef713/6abd6fcc6ad76655bebdac03_ACL26-Schedule-Wk1-Fri-9.30.webp	2026-09-30
W2	1	af05	Jesse Welles	Jesse Welles	tmobile	16:15	17:15	same		https://cdn.prod.website-files.com/67456b422d0e4219d58ef713/6abd6fead03949087f72e4c5_ACL26-Schedule-Wk2-Fri-9.30.webp	2026-09-30
W1	1	af06	Turnstile	Turnstile	tmobile	18:15	19:15	same		https://cdn.prod.website-files.com/67456b422d0e4219d58ef713/6abd6fcc6ad76655bebdac03_ACL26-Schedule-Wk1-Fri-9.30.webp	2026-09-30
W2	1	af06	Turnstile	Turnstile	tmobile	18:15	19:15	same		https://cdn.prod.website-files.com/67456b422d0e4219d58ef713/6abd6fead03949087f72e4c5_ACL26-Schedule-Wk2-Fri-9.30.webp	2026-09-30
W1	1	af07	Skrillex	Skrillex	tmobile	20:15	22:00	same	; closer end22:00 retained from existing policy, grid prints start only	https://cdn.prod.website-files.com/67456b422d0e4219d58ef713/6abd6fcc6ad76655bebdac03_ACL26-Schedule-Wk1-Fri-9.30.webp	2026-09-30
W2	1	af08	Kings of Leon	Kings of Leon	tmobile	20:15	22:00	same	; closer end22:00 retained from existing policy, grid prints start only	https://cdn.prod.website-files.com/67456b422d0e4219d58ef713/6abd6fead03949087f72e4c5_ACL26-Schedule-Wk2-Fri-9.30.webp	2026-09-30
W1	1	af09	Faouzia	Faouzia	miller	13:45	14:30	same		https://cdn.prod.website-files.com/67456b422d0e4219d58ef713/6abd6fcc6ad76655bebdac03_ACL26-Schedule-Wk1-Fri-9.30.webp	2026-09-30
W2	1	af10	Radio Free Alice	Radio Free Alice	miller	13:45	14:30	same		https://cdn.prod.website-files.com/67456b422d0e4219d58ef713/6abd6fead03949087f72e4c5_ACL26-Schedule-Wk2-Fri-9.30.webp	2026-09-30
W1	1	af11	Paris Paloma	Paris Paloma	miller	15:15	16:15	same		https://cdn.prod.website-files.com/67456b422d0e4219d58ef713/6abd6fcc6ad76655bebdac03_ACL26-Schedule-Wk1-Fri-9.30.webp	2026-09-30
W2	1	af12	Sienna Spiro	Sienna Spiro	miller	15:30	16:15	same		https://cdn.prod.website-files.com/67456b422d0e4219d58ef713/6abd6fead03949087f72e4c5_ACL26-Schedule-Wk2-Fri-9.30.webp	2026-09-30
W1	1	af13	Brandon Flowers	Brandon Flowers	miller	17:15	18:15	same		https://cdn.prod.website-files.com/67456b422d0e4219d58ef713/6abd6fcc6ad76655bebdac03_ACL26-Schedule-Wk1-Fri-9.30.webp	2026-09-30
W2	1	af14	Paris Paloma	Paris Paloma	miller	17:15	18:15	same		https://cdn.prod.website-files.com/67456b422d0e4219d58ef713/6abd6fead03949087f72e4c5_ACL26-Schedule-Wk2-Fri-9.30.webp	2026-09-30
W1	1	af15	Leon Thomas	Leon Thomas	miller	19:15	20:15	same		https://cdn.prod.website-files.com/67456b422d0e4219d58ef713/6abd6fcc6ad76655bebdac03_ACL26-Schedule-Wk1-Fri-9.30.webp	2026-09-30
W2	1	af15	Leon Thomas	Leon Thomas	miller	19:15	20:15	same		https://cdn.prod.website-files.com/67456b422d0e4219d58ef713/6abd6fead03949087f72e4c5_ACL26-Schedule-Wk2-Fri-9.30.webp	2026-09-30
W1	1	af16	Elle Coves	Elle Coves	bmi	13:45	14:30	same		https://cdn.prod.website-files.com/67456b422d0e4219d58ef713/6abd6fcc6ad76655bebdac03_ACL26-Schedule-Wk1-Fri-9.30.webp	2026-09-30
W2	1	af17	Leon Knight	Leon Knight	bmi	13:45	14:30	same		https://cdn.prod.website-files.com/67456b422d0e4219d58ef713/6abd6fead03949087f72e4c5_ACL26-Schedule-Wk2-Fri-9.30.webp	2026-09-30
W1	1	af18	Izzy Escobar	Izzy Escobar	bmi	15:30	16:15	same		https://cdn.prod.website-files.com/67456b422d0e4219d58ef713/6abd6fcc6ad76655bebdac03_ACL26-Schedule-Wk1-Fri-9.30.webp	2026-09-30
W2	1	af19	Girlfriend	Girlfriend	bmi	15:30	16:15	same		https://cdn.prod.website-files.com/67456b422d0e4219d58ef713/6abd6fead03949087f72e4c5_ACL26-Schedule-Wk2-Fri-9.30.webp	2026-09-30
W1	1	af20	Grocery Bag	Grocery Bag	bmi	17:15	18:15	same		https://cdn.prod.website-files.com/67456b422d0e4219d58ef713/6abd6fcc6ad76655bebdac03_ACL26-Schedule-Wk1-Fri-9.30.webp	2026-09-30
W2	1	af21	Joe Jordan	Joe Jordan	bmi	17:15	18:15	same		https://cdn.prod.website-files.com/67456b422d0e4219d58ef713/6abd6fead03949087f72e4c5_ACL26-Schedule-Wk2-Fri-9.30.webp	2026-09-30
W1	1	af22	Night Traveler	Night Traveler	beatbox	14:00	14:45	same		https://cdn.prod.website-files.com/67456b422d0e4219d58ef713/6abd6fcc6ad76655bebdac03_ACL26-Schedule-Wk1-Fri-9.30.webp	2026-09-30
W2	1	af23	S.G. Goodman	S.G. Goodman	beatbox	14:00	14:45	same		https://cdn.prod.website-files.com/67456b422d0e4219d58ef713/6abd6fead03949087f72e4c5_ACL26-Schedule-Wk2-Fri-9.30.webp	2026-09-30
W1	1	af24	Marlon Funaki	Marlon Funaki	beatbox	15:30	16:30	same		https://cdn.prod.website-files.com/67456b422d0e4219d58ef713/6abd6fcc6ad76655bebdac03_ACL26-Schedule-Wk1-Fri-9.30.webp	2026-09-30
W2	1	af25	World Famous Pets	World Famous Pets	beatbox	15:30	16:30	same		https://cdn.prod.website-files.com/67456b422d0e4219d58ef713/6abd6fead03949087f72e4c5_ACL26-Schedule-Wk2-Fri-9.30.webp	2026-09-30
W1	1	af26	Rusowsky	Rusowsky	beatbox	17:30	18:30	same		https://cdn.prod.website-files.com/67456b422d0e4219d58ef713/6abd6fcc6ad76655bebdac03_ACL26-Schedule-Wk1-Fri-9.30.webp	2026-09-30
W2	1	af26	Rusowsky	Rusowsky	beatbox	17:30	18:30	same		https://cdn.prod.website-files.com/67456b422d0e4219d58ef713/6abd6fead03949087f72e4c5_ACL26-Schedule-Wk2-Fri-9.30.webp	2026-09-30
W1	1	af27	Molly Santana	Molly Santana	beatbox	19:30	20:30	same		https://cdn.prod.website-files.com/67456b422d0e4219d58ef713/6abd6fcc6ad76655bebdac03_ACL26-Schedule-Wk1-Fri-9.30.webp	2026-09-30
W2	1	af28	Live	Live	beatbox	19:30	20:30	same		https://cdn.prod.website-files.com/67456b422d0e4219d58ef713/6abd6fead03949087f72e4c5_ACL26-Schedule-Wk2-Fri-9.30.webp	2026-09-30
W1	1	af29	The 4411	The 4411	titos	12:45	13:30	same		https://cdn.prod.website-files.com/67456b422d0e4219d58ef713/6abd6fcc6ad76655bebdac03_ACL26-Schedule-Wk1-Fri-9.30.webp	2026-09-30
W2	1	af30	Almost Heaven	Almost Heaven	titos	12:45	13:30	same		https://cdn.prod.website-files.com/67456b422d0e4219d58ef713/6abd6fead03949087f72e4c5_ACL26-Schedule-Wk2-Fri-9.30.webp	2026-09-30
W1	1	af31	Solomon Hicks	Solomon Hicks	titos	14:00	14:45	same		https://cdn.prod.website-files.com/67456b422d0e4219d58ef713/6abd6fcc6ad76655bebdac03_ACL26-Schedule-Wk1-Fri-9.30.webp	2026-09-30
W2	1	af32	Cassandra Coleman	Cassandra Coleman	titos	14:00	14:45	same		https://cdn.prod.website-files.com/67456b422d0e4219d58ef713/6abd6fead03949087f72e4c5_ACL26-Schedule-Wk2-Fri-9.30.webp	2026-09-30
W1	1	af33	Bo Staloch	Bo Staloch	titos	15:15	16:00	same		https://cdn.prod.website-files.com/67456b422d0e4219d58ef713/6abd6fcc6ad76655bebdac03_ACL26-Schedule-Wk1-Fri-9.30.webp	2026-09-30
W2	1	af33	Bo Staloch	Bo Staloch	titos	15:15	16:00	same		https://cdn.prod.website-files.com/67456b422d0e4219d58ef713/6abd6fead03949087f72e4c5_ACL26-Schedule-Wk2-Fri-9.30.webp	2026-09-30
W1	1	af34	Rebecca Black	Rebecca Black	titos	16:30	17:30	same		https://cdn.prod.website-files.com/67456b422d0e4219d58ef713/6abd6fcc6ad76655bebdac03_ACL26-Schedule-Wk1-Fri-9.30.webp	2026-09-30
W2	1	af35	Natasha Bedingfield	Natasha Bedingfield	titos	16:30	17:30	same		https://cdn.prod.website-files.com/67456b422d0e4219d58ef713/6abd6fead03949087f72e4c5_ACL26-Schedule-Wk2-Fri-9.30.webp	2026-09-30
W1	1	af36	Steve Aoki	Steve Aoki	titos	18:30	19:30	same		https://cdn.prod.website-files.com/67456b422d0e4219d58ef713/6abd6fcc6ad76655bebdac03_ACL26-Schedule-Wk1-Fri-9.30.webp	2026-09-30
W2	1	af36	Steve Aoki	Steve Aoki	titos	18:30	19:30	same		https://cdn.prod.website-files.com/67456b422d0e4219d58ef713/6abd6fead03949087f72e4c5_ACL26-Schedule-Wk2-Fri-9.30.webp	2026-09-30
W1	1	af37	Silent Disco	Silent Disco	titos	20:00	22:00	same		https://cdn.prod.website-files.com/67456b422d0e4219d58ef713/6abd6fcc6ad76655bebdac03_ACL26-Schedule-Wk1-Fri-9.30.webp	2026-09-30
W2	1	af37	Silent Disco	Silent Disco	titos	20:00	22:00	same		https://cdn.prod.website-files.com/67456b422d0e4219d58ef713/6abd6fead03949087f72e4c5_ACL26-Schedule-Wk2-Fri-9.30.webp	2026-09-30
W1	1	af38	Elijah Delgado	Elijah Delgado	snapchat	14:00	14:45	same		https://cdn.prod.website-files.com/67456b422d0e4219d58ef713/6abd6fcc6ad76655bebdac03_ACL26-Schedule-Wk1-Fri-9.30.webp	2026-09-30
W2	1	af39	Dallas Wax	Dallas Wax	snapchat	14:00	14:45	same		https://cdn.prod.website-files.com/67456b422d0e4219d58ef713/6abd6fead03949087f72e4c5_ACL26-Schedule-Wk2-Fri-9.30.webp	2026-09-30
W1	1	af40	LP	LP	snapchat	15:30	16:30	same		https://cdn.prod.website-files.com/67456b422d0e4219d58ef713/6abd6fcc6ad76655bebdac03_ACL26-Schedule-Wk1-Fri-9.30.webp	2026-09-30
W2	1	af40	LP	LP	snapchat	15:30	16:30	same		https://cdn.prod.website-files.com/67456b422d0e4219d58ef713/6abd6fead03949087f72e4c5_ACL26-Schedule-Wk2-Fri-9.30.webp	2026-09-30
W1	1	af41	BUNT.	BUNT.	snapchat	17:30	18:30	same		https://cdn.prod.website-files.com/67456b422d0e4219d58ef713/6abd6fcc6ad76655bebdac03_ACL26-Schedule-Wk1-Fri-9.30.webp	2026-09-30
W2	1	af41	BUNT.	BUNT.	snapchat	17:30	18:30	same		https://cdn.prod.website-files.com/67456b422d0e4219d58ef713/6abd6fead03949087f72e4c5_ACL26-Schedule-Wk2-Fri-9.30.webp	2026-09-30
W1	1	af42	The Chainsmokers	The Chainsmokers	snapchat	19:30	20:30	same		https://cdn.prod.website-files.com/67456b422d0e4219d58ef713/6abd6fcc6ad76655bebdac03_ACL26-Schedule-Wk1-Fri-9.30.webp	2026-09-30
W2	1	af42	The Chainsmokers	The Chainsmokers	snapchat	19:30	20:30	same		https://cdn.prod.website-files.com/67456b422d0e4219d58ef713/6abd6fead03949087f72e4c5_ACL26-Schedule-Wk2-Fri-9.30.webp	2026-09-30
W1	1	af43	Hunx And His Punx	Hunx And His Punx	amex	13:15	14:00	same		https://cdn.prod.website-files.com/67456b422d0e4219d58ef713/6abd6fcc6ad76655bebdac03_ACL26-Schedule-Wk1-Fri-9.30.webp	2026-09-30
W2	1	af44	Brigitte Calls Me Baby	Brigitte Calls Me Baby	amex	13:15	14:00	same		https://cdn.prod.website-files.com/67456b422d0e4219d58ef713/6abd6fead03949087f72e4c5_ACL26-Schedule-Wk2-Fri-9.30.webp	2026-09-30
W1	1	af45	CMAT	CMAT	amex	14:45	15:30	same		https://cdn.prod.website-files.com/67456b422d0e4219d58ef713/6abd6fcc6ad76655bebdac03_ACL26-Schedule-Wk1-Fri-9.30.webp	2026-09-30
W2	1	af46	Faouzia	Faouzia	amex	14:45	15:30	same		https://cdn.prod.website-files.com/67456b422d0e4219d58ef713/6abd6fead03949087f72e4c5_ACL26-Schedule-Wk2-Fri-9.30.webp	2026-09-30
W1	1	af47	Amyl And The Sniffers	Amyl And The Sniffers	amex	16:30	17:30	same		https://cdn.prod.website-files.com/67456b422d0e4219d58ef713/6abd6fcc6ad76655bebdac03_ACL26-Schedule-Wk1-Fri-9.30.webp	2026-09-30
W2	1	af47	Amyl And The Sniffers	Amyl And The Sniffers	amex	16:30	17:30	same		https://cdn.prod.website-files.com/67456b422d0e4219d58ef713/6abd6fead03949087f72e4c5_ACL26-Schedule-Wk2-Fri-9.30.webp	2026-09-30
W1	1	af48	Labrinth	Labrinth	amex	18:30	19:30	same		https://cdn.prod.website-files.com/67456b422d0e4219d58ef713/6abd6fcc6ad76655bebdac03_ACL26-Schedule-Wk1-Fri-9.30.webp	2026-09-30
W2	1	af48	Labrinth	Labrinth	amex	18:30	19:30	same		https://cdn.prod.website-files.com/67456b422d0e4219d58ef713/6abd6fead03949087f72e4c5_ACL26-Schedule-Wk2-Fri-9.30.webp	2026-09-30
W1	1	af49	Charli XCX	Charli XCX	amex	20:35	22:00	changed	; closer end22:00 retained from existing policy, grid prints start only	https://cdn.prod.website-files.com/67456b422d0e4219d58ef713/6abd6fcc6ad76655bebdac03_ACL26-Schedule-Wk1-Fri-9.30.webp	2026-09-30
W2	1	af49	Charli XCX	Charli XCX	amex	20:35	22:00	changed	; closer end22:00 retained from existing policy, grid prints start only	https://cdn.prod.website-files.com/67456b422d0e4219d58ef713/6abd6fead03949087f72e4c5_ACL26-Schedule-Wk2-Fri-9.30.webp	2026-09-30
W1	2	as01	Night Tapes	Night Tapes	tmobile	13:00	13:45	same		https://cdn.prod.website-files.com/67456b422d0e4219d58ef713/6abd6fd9623ef973aebf98f1_ACL26-Schedule-Wk1-Sat-9.30.webp	2026-09-30
W2	2	as01	Night Tapes	Night Tapes	tmobile	13:00	13:45	same		https://cdn.prod.website-files.com/67456b422d0e4219d58ef713/6abd6ff66f4136d6159bf16d_ACL26-Schedule-Wk2-Sat-9.30.webp	2026-09-30
W1	2	as02	Balu Brigada	Balu Brigada	tmobile	14:30	15:15	same		https://cdn.prod.website-files.com/67456b422d0e4219d58ef713/6abd6fd9623ef973aebf98f1_ACL26-Schedule-Wk1-Sat-9.30.webp	2026-09-30
W2	2	as02	Balu Brigada	Balu Brigada	tmobile	14:30	15:15	same		https://cdn.prod.website-files.com/67456b422d0e4219d58ef713/6abd6ff66f4136d6159bf16d_ACL26-Schedule-Wk2-Sat-9.30.webp	2026-09-30
W1	2	as03	Suki Waterhouse	Suki Waterhouse	tmobile	16:15	17:15	same		https://cdn.prod.website-files.com/67456b422d0e4219d58ef713/6abd6fd9623ef973aebf98f1_ACL26-Schedule-Wk1-Sat-9.30.webp	2026-09-30
W2	2	as03	Suki Waterhouse	Suki Waterhouse	tmobile	16:15	17:15	same		https://cdn.prod.website-files.com/67456b422d0e4219d58ef713/6abd6ff66f4136d6159bf16d_ACL26-Schedule-Wk2-Sat-9.30.webp	2026-09-30
W1	2	as04	Bleachers	Bleachers	tmobile	18:15	19:15	same		https://cdn.prod.website-files.com/67456b422d0e4219d58ef713/6abd6fd9623ef973aebf98f1_ACL26-Schedule-Wk1-Sat-9.30.webp	2026-09-30
W2	2	as04	Bleachers	Bleachers	tmobile	18:15	19:15	same		https://cdn.prod.website-files.com/67456b422d0e4219d58ef713/6abd6ff66f4136d6159bf16d_ACL26-Schedule-Wk2-Sat-9.30.webp	2026-09-30
W1	2	as05	Lorde	Lorde	tmobile	20:15	22:00	same	; closer end22:00 retained from existing policy, grid prints start only	https://cdn.prod.website-files.com/67456b422d0e4219d58ef713/6abd6fd9623ef973aebf98f1_ACL26-Schedule-Wk1-Sat-9.30.webp	2026-09-30
W2	2	as05	Lorde	Lorde	tmobile	20:15	22:00	same	; closer end22:00 retained from existing policy, grid prints start only	https://cdn.prod.website-files.com/67456b422d0e4219d58ef713/6abd6ff66f4136d6159bf16d_ACL26-Schedule-Wk2-Sat-9.30.webp	2026-09-30
W1	2	as06	Temper City	Temper City	miller	13:45	14:30	same		https://cdn.prod.website-files.com/67456b422d0e4219d58ef713/6abd6fd9623ef973aebf98f1_ACL26-Schedule-Wk1-Sat-9.30.webp	2026-09-30
W2	2	as06	Temper City	Temper City	miller	13:45	14:30	same		https://cdn.prod.website-files.com/67456b422d0e4219d58ef713/6abd6ff66f4136d6159bf16d_ACL26-Schedule-Wk2-Sat-9.30.webp	2026-09-30
W1	2	as07	Arcy Drive	Arcy Drive	miller	15:15	16:15	same		https://cdn.prod.website-files.com/67456b422d0e4219d58ef713/6abd6fd9623ef973aebf98f1_ACL26-Schedule-Wk1-Sat-9.30.webp	2026-09-30
W2	2	as08	Laszewo	Laszewo	miller	15:15	16:15	same		https://cdn.prod.website-files.com/67456b422d0e4219d58ef713/6abd6ff66f4136d6159bf16d_ACL26-Schedule-Wk2-Sat-9.30.webp	2026-09-30
W1	2	as09	Snow Strippers	Palace	miller	17:15	18:15	changed	printed billing differs; preserve old artist identity, reconcile existing moved set before classifying replacement	https://cdn.prod.website-files.com/67456b422d0e4219d58ef713/6abd6fd9623ef973aebf98f1_ACL26-Schedule-Wk1-Sat-9.30.webp	2026-09-30
W2	2	as09	Snow Strippers	Arcy Drive	miller	17:15	18:15	changed	printed billing differs; preserve old artist identity, reconcile existing moved set before classifying replacement	https://cdn.prod.website-files.com/67456b422d0e4219d58ef713/6abd6ff66f4136d6159bf16d_ACL26-Schedule-Wk2-Sat-9.30.webp	2026-09-30
W1	2	as10	Levity	Levity	miller	19:15	20:15	same		https://cdn.prod.website-files.com/67456b422d0e4219d58ef713/6abd6fd9623ef973aebf98f1_ACL26-Schedule-Wk1-Sat-9.30.webp	2026-09-30
W2	2	as10	Levity	Levity	miller	19:15	20:15	same		https://cdn.prod.website-files.com/67456b422d0e4219d58ef713/6abd6ff66f4136d6159bf16d_ACL26-Schedule-Wk2-Sat-9.30.webp	2026-09-30
W1	2	as11	Fightmaster	Fightmaster	bmi	12:45	13:15	same		https://cdn.prod.website-files.com/67456b422d0e4219d58ef713/6abd6fd9623ef973aebf98f1_ACL26-Schedule-Wk1-Sat-9.30.webp	2026-09-30
W2	2	as12	Macy Todd	Macy Todd	bmi	12:45	13:15	same		https://cdn.prod.website-files.com/67456b422d0e4219d58ef713/6abd6ff66f4136d6159bf16d_ACL26-Schedule-Wk2-Sat-9.30.webp	2026-09-30
W1	2	as13	Emma Ogier	Emma Ogier	bmi	13:45	14:30	same		https://cdn.prod.website-files.com/67456b422d0e4219d58ef713/6abd6fd9623ef973aebf98f1_ACL26-Schedule-Wk1-Sat-9.30.webp	2026-09-30
W2	2	as14	Damaris Bojor	Damaris Bojor	bmi	13:45	14:30	same		https://cdn.prod.website-files.com/67456b422d0e4219d58ef713/6abd6ff66f4136d6159bf16d_ACL26-Schedule-Wk2-Sat-9.30.webp	2026-09-30
W1	2	as15	Coleman Jennings	Coleman Jennings	bmi	15:30	16:15	same		https://cdn.prod.website-files.com/67456b422d0e4219d58ef713/6abd6fd9623ef973aebf98f1_ACL26-Schedule-Wk1-Sat-9.30.webp	2026-09-30
W2	2	as16	Common People	Common People	bmi	15:30	16:15	same		https://cdn.prod.website-files.com/67456b422d0e4219d58ef713/6abd6ff66f4136d6159bf16d_ACL26-Schedule-Wk2-Sat-9.30.webp	2026-09-30
W1	2	as17	Fai Laci	Fai Laci	bmi	17:15	18:15	same		https://cdn.prod.website-files.com/67456b422d0e4219d58ef713/6abd6fd9623ef973aebf98f1_ACL26-Schedule-Wk1-Sat-9.30.webp	2026-09-30
W2	2	as18	Chloe Qisha	Chloe Qisha	bmi	17:15	18:15	same		https://cdn.prod.website-files.com/67456b422d0e4219d58ef713/6abd6ff66f4136d6159bf16d_ACL26-Schedule-Wk2-Sat-9.30.webp	2026-09-30
W1	2	as19	Cure For Paranoia	Cure For Paranoia	beatbox	15:00	16:15	changed		https://cdn.prod.website-files.com/67456b422d0e4219d58ef713/6abd6fd9623ef973aebf98f1_ACL26-Schedule-Wk1-Sat-9.30.webp	2026-09-30
W2	2	as20	LLUVII	LLUVII	beatbox	15:30	16:15	changed		https://cdn.prod.website-files.com/67456b422d0e4219d58ef713/6abd6ff66f4136d6159bf16d_ACL26-Schedule-Wk2-Sat-9.30.webp	2026-09-30
W1	2	as21	Ryan Beatty	Ryan Beatty	beatbox	17:30	18:30	changed		https://cdn.prod.website-files.com/67456b422d0e4219d58ef713/6abd6fd9623ef973aebf98f1_ACL26-Schedule-Wk1-Sat-9.30.webp	2026-09-30
W2	2	as22	Arcy Drive	Arcy Drive	beatbox	15:30	16:30	removed-slot	Arcy Drive now at Miller Lite 17:15 W2; existing performance identity must be reconciled with old as09 slot	https://cdn.prod.website-files.com/67456b422d0e4219d58ef713/6abd6ff66f4136d6159bf16d_ACL26-Schedule-Wk2-Sat-9.30.webp	2026-09-30
W1	2	as23	Palace	Palace	beatbox	17:30	18:30	removed-slot	Palace now at Miller Lite 17:15 W1; existing performance identity must be reconciled with old as09 slot	https://cdn.prod.website-files.com/67456b422d0e4219d58ef713/6abd6fd9623ef973aebf98f1_ACL26-Schedule-Wk1-Sat-9.30.webp	2026-09-30
W2	2	as24	Ryan Beatty	Ryan Beatty	beatbox	17:30	18:30	same		https://cdn.prod.website-files.com/67456b422d0e4219d58ef713/6abd6ff66f4136d6159bf16d_ACL26-Schedule-Wk2-Sat-9.30.webp	2026-09-30
W1	2	as25	Fakemink	Snow Strippers	beatbox	19:30	20:10	changed	printed billing differs; preserve old artist identity, reconcile existing moved set before classifying replacement	https://cdn.prod.website-files.com/67456b422d0e4219d58ef713/6abd6fd9623ef973aebf98f1_ACL26-Schedule-Wk1-Sat-9.30.webp	2026-09-30
W2	2	as25	Fakemink	Snow Strippers	beatbox	19:30	20:10	changed	printed billing differs; preserve old artist identity, reconcile existing moved set before classifying replacement	https://cdn.prod.website-files.com/67456b422d0e4219d58ef713/6abd6ff66f4136d6159bf16d_ACL26-Schedule-Wk2-Sat-9.30.webp	2026-09-30
W1	2	as26	Left Lucid	Left Lucid	titos	12:45	13:30	same		https://cdn.prod.website-files.com/67456b422d0e4219d58ef713/6abd6fd9623ef973aebf98f1_ACL26-Schedule-Wk1-Sat-9.30.webp	2026-09-30
W2	2	as27	Montclair	Montclair	titos	12:45	13:30	same		https://cdn.prod.website-files.com/67456b422d0e4219d58ef713/6abd6ff66f4136d6159bf16d_ACL26-Schedule-Wk2-Sat-9.30.webp	2026-09-30
W1	2	as28	DJ Cassandra	DJ Cassandra	titos	14:00	14:45	same		https://cdn.prod.website-files.com/67456b422d0e4219d58ef713/6abd6fd9623ef973aebf98f1_ACL26-Schedule-Wk1-Sat-9.30.webp	2026-09-30
W2	2	as29	Nat Myers	DJ Cassandra	titos	14:00	14:45	changed	printed billing differs; preserve old artist identity, reconcile existing moved set before classifying replacement	https://cdn.prod.website-files.com/67456b422d0e4219d58ef713/6abd6ff66f4136d6159bf16d_ACL26-Schedule-Wk2-Sat-9.30.webp	2026-09-30
W1	2	as30	Don West	Don West	titos	15:15	16:00	same		https://cdn.prod.website-files.com/67456b422d0e4219d58ef713/6abd6fd9623ef973aebf98f1_ACL26-Schedule-Wk1-Sat-9.30.webp	2026-09-30
W2	2	as30	Don West	Don West	titos	15:15	16:00	same		https://cdn.prod.website-files.com/67456b422d0e4219d58ef713/6abd6ff66f4136d6159bf16d_ACL26-Schedule-Wk2-Sat-9.30.webp	2026-09-30
W1	2	as31	Rodrigo Y Gabriela	Rodrigo Y Gabriela	titos	16:30	17:30	same		https://cdn.prod.website-files.com/67456b422d0e4219d58ef713/6abd6fd9623ef973aebf98f1_ACL26-Schedule-Wk1-Sat-9.30.webp	2026-09-30
W2	2	as31	Rodrigo Y Gabriela	Rodrigo Y Gabriela	titos	16:30	17:30	same		https://cdn.prod.website-files.com/67456b422d0e4219d58ef713/6abd6ff66f4136d6159bf16d_ACL26-Schedule-Wk2-Sat-9.30.webp	2026-09-30
W1	2	as32	Yousuke Yukimatsu	Yousuke Yukimatsu	titos	18:30	19:30	same		https://cdn.prod.website-files.com/67456b422d0e4219d58ef713/6abd6fd9623ef973aebf98f1_ACL26-Schedule-Wk1-Sat-9.30.webp	2026-09-30
W2	2	as32	Yousuke Yukimatsu	Yousuke Yukimatsu	titos	18:30	19:30	same		https://cdn.prod.website-files.com/67456b422d0e4219d58ef713/6abd6ff66f4136d6159bf16d_ACL26-Schedule-Wk2-Sat-9.30.webp	2026-09-30
W1	2	as33	Silent Disco	Silent Disco	titos	20:00	22:00	same		https://cdn.prod.website-files.com/67456b422d0e4219d58ef713/6abd6fd9623ef973aebf98f1_ACL26-Schedule-Wk1-Sat-9.30.webp	2026-09-30
W2	2	as33	Silent Disco	Silent Disco	titos	20:00	22:00	same		https://cdn.prod.website-files.com/67456b422d0e4219d58ef713/6abd6ff66f4136d6159bf16d_ACL26-Schedule-Wk2-Sat-9.30.webp	2026-09-30
W1	2	as34	Rochelle Jordan	Rochelle Jordan	snapchat	14:00	14:45	same		https://cdn.prod.website-files.com/67456b422d0e4219d58ef713/6abd6fd9623ef973aebf98f1_ACL26-Schedule-Wk1-Sat-9.30.webp	2026-09-30
W2	2	as35	Gabriel Jacoby	Gabriel Jacoby	snapchat	14:00	14:45	same		https://cdn.prod.website-files.com/67456b422d0e4219d58ef713/6abd6ff66f4136d6159bf16d_ACL26-Schedule-Wk2-Sat-9.30.webp	2026-09-30
W1	2	as36	Skye Newman	Skye Newman	snapchat	15:30	16:30	same		https://cdn.prod.website-files.com/67456b422d0e4219d58ef713/6abd6fd9623ef973aebf98f1_ACL26-Schedule-Wk1-Sat-9.30.webp	2026-09-30
W2	2	as36	Skye Newman	Skye Newman	snapchat	15:30	16:30	same		https://cdn.prod.website-files.com/67456b422d0e4219d58ef713/6abd6ff66f4136d6159bf16d_ACL26-Schedule-Wk2-Sat-9.30.webp	2026-09-30
W1	2	as37	It's Murph	It's Murph	snapchat	17:30	18:30	same		https://cdn.prod.website-files.com/67456b422d0e4219d58ef713/6abd6fd9623ef973aebf98f1_ACL26-Schedule-Wk1-Sat-9.30.webp	2026-09-30
W2	2	as37	It's Murph	It's Murph	snapchat	17:30	18:30	same		https://cdn.prod.website-files.com/67456b422d0e4219d58ef713/6abd6ff66f4136d6159bf16d_ACL26-Schedule-Wk2-Sat-9.30.webp	2026-09-30
W1	2	as38	Lykke Li	Lykke Li	snapchat	19:30	20:30	same		https://cdn.prod.website-files.com/67456b422d0e4219d58ef713/6abd6fd9623ef973aebf98f1_ACL26-Schedule-Wk1-Sat-9.30.webp	2026-09-30
W2	2	as38	Lykke Li	Lykke Li	snapchat	19:30	20:30	same		https://cdn.prod.website-files.com/67456b422d0e4219d58ef713/6abd6ff66f4136d6159bf16d_ACL26-Schedule-Wk2-Sat-9.30.webp	2026-09-30
W1	2	as39	Annie DiRusso	Annie DiRusso	amex	13:15	14:00	same		https://cdn.prod.website-files.com/67456b422d0e4219d58ef713/6abd6fd9623ef973aebf98f1_ACL26-Schedule-Wk1-Sat-9.30.webp	2026-09-30
W2	2	as39	Annie DiRusso	Annie DiRusso	amex	13:15	14:00	same		https://cdn.prod.website-files.com/67456b422d0e4219d58ef713/6abd6ff66f4136d6159bf16d_ACL26-Schedule-Wk2-Sat-9.30.webp	2026-09-30
W1	2	as40	Finn Wolfhard	Finn Wolfhard	amex	14:45	15:30	same		https://cdn.prod.website-files.com/67456b422d0e4219d58ef713/6abd6fd9623ef973aebf98f1_ACL26-Schedule-Wk1-Sat-9.30.webp	2026-09-30
W2	2	as40	Finn Wolfhard	Finn Wolfhard	amex	14:45	15:30	same		https://cdn.prod.website-files.com/67456b422d0e4219d58ef713/6abd6ff66f4136d6159bf16d_ACL26-Schedule-Wk2-Sat-9.30.webp	2026-09-30
W1	2	as41	Young Miko	Young Miko	amex	16:30	17:30	same		https://cdn.prod.website-files.com/67456b422d0e4219d58ef713/6abd6fd9623ef973aebf98f1_ACL26-Schedule-Wk1-Sat-9.30.webp	2026-09-30
W2	2	as41	Young Miko	Young Miko	amex	16:30	17:30	same		https://cdn.prod.website-files.com/67456b422d0e4219d58ef713/6abd6ff66f4136d6159bf16d_ACL26-Schedule-Wk2-Sat-9.30.webp	2026-09-30
W1	2	as42	Lola Young	Lola Young	amex	18:30	19:30	same		https://cdn.prod.website-files.com/67456b422d0e4219d58ef713/6abd6fd9623ef973aebf98f1_ACL26-Schedule-Wk1-Sat-9.30.webp	2026-09-30
W2	2	as42	Lola Young	Lola Young	amex	18:30	19:30	same		https://cdn.prod.website-files.com/67456b422d0e4219d58ef713/6abd6ff66f4136d6159bf16d_ACL26-Schedule-Wk2-Sat-9.30.webp	2026-09-30
W1	2	as43	Rüfüs Du Sol	Rüfüs Du Sol	amex	20:30	22:00	same	; closer end22:00 retained from existing policy, grid prints start only	https://cdn.prod.website-files.com/67456b422d0e4219d58ef713/6abd6fd9623ef973aebf98f1_ACL26-Schedule-Wk1-Sat-9.30.webp	2026-09-30
W2	2	as43	Rüfüs Du Sol	Rüfüs Du Sol	amex	20:30	22:00	same	; closer end22:00 retained from existing policy, grid prints start only	https://cdn.prod.website-files.com/67456b422d0e4219d58ef713/6abd6ff66f4136d6159bf16d_ACL26-Schedule-Wk2-Sat-9.30.webp	2026-09-30
W1	3	au01	Solya	Solya	tmobile	13:15	14:00	same		https://cdn.prod.website-files.com/67456b422d0e4219d58ef713/6abd6fe2a62fc3440b25e577_ACL26-Schedule-Wk1-Sun-9.30.webp	2026-09-30
W2	3	au02	Thomas Day	Thomas Day	tmobile	13:15	14:00	same		https://cdn.prod.website-files.com/67456b422d0e4219d58ef713/6abd70001d1b92085a8eedfa_ACL26-Schedule-Wk2-Sun-9.30.webp	2026-09-30
W1	3	au03	Stella Lefty	Stella Lefty	tmobile	14:45	15:30	same		https://cdn.prod.website-files.com/67456b422d0e4219d58ef713/6abd6fe2a62fc3440b25e577_ACL26-Schedule-Wk1-Sun-9.30.webp	2026-09-30
W2	3	au04	Charlotte Lawrence	Charlotte Lawrence	tmobile	14:45	15:30	same		https://cdn.prod.website-files.com/67456b422d0e4219d58ef713/6abd70001d1b92085a8eedfa_ACL26-Schedule-Wk2-Sun-9.30.webp	2026-09-30
W1	3	au05	Audrey Hobert	Audrey Hobert	tmobile	16:30	17:20	changed		https://cdn.prod.website-files.com/67456b422d0e4219d58ef713/6abd6fe2a62fc3440b25e577_ACL26-Schedule-Wk1-Sun-9.30.webp	2026-09-30
W2	3	au05	Audrey Hobert	Audrey Hobert	tmobile	16:30	17:20	changed		https://cdn.prod.website-files.com/67456b422d0e4219d58ef713/6abd70001d1b92085a8eedfa_ACL26-Schedule-Wk2-Sun-9.30.webp	2026-09-30
W1	3	au06	Geese	Geese	tmobile	18:20	19:20	changed		https://cdn.prod.website-files.com/67456b422d0e4219d58ef713/6abd6fe2a62fc3440b25e577_ACL26-Schedule-Wk1-Sun-9.30.webp	2026-09-30
W2	3	au06	Geese	Geese	tmobile	18:20	19:20	changed		https://cdn.prod.website-files.com/67456b422d0e4219d58ef713/6abd70001d1b92085a8eedfa_ACL26-Schedule-Wk2-Sun-9.30.webp	2026-09-30
W1	3	au07	The xx	The xx	tmobile	20:35	22:00	changed	; closer end22:00 retained from existing policy, grid prints start only	https://cdn.prod.website-files.com/67456b422d0e4219d58ef713/6abd6fe2a62fc3440b25e577_ACL26-Schedule-Wk1-Sun-9.30.webp	2026-09-30
W2	3	au07	The xx	The xx	tmobile	20:35	22:00	changed	; closer end22:00 retained from existing policy, grid prints start only	https://cdn.prod.website-files.com/67456b422d0e4219d58ef713/6abd70001d1b92085a8eedfa_ACL26-Schedule-Wk2-Sun-9.30.webp	2026-09-30
W1	3	au08	Jess Williamson	Jess Williamson	miller	14:00	14:45	same		https://cdn.prod.website-files.com/67456b422d0e4219d58ef713/6abd6fe2a62fc3440b25e577_ACL26-Schedule-Wk1-Sun-9.30.webp	2026-09-30
W2	3	au09	Joshua Jensen	Joshua Jensen	miller	14:00	14:45	same		https://cdn.prod.website-files.com/67456b422d0e4219d58ef713/6abd70001d1b92085a8eedfa_ACL26-Schedule-Wk2-Sun-9.30.webp	2026-09-30
W1	3	au10	Claire Rosinkranz	Claire Rosinkranz	miller	15:30	16:30	same		https://cdn.prod.website-files.com/67456b422d0e4219d58ef713/6abd6fe2a62fc3440b25e577_ACL26-Schedule-Wk1-Sun-9.30.webp	2026-09-30
W2	3	au10	Claire Rosinkranz	Claire Rosinkranz	miller	15:30	16:30	same		https://cdn.prod.website-files.com/67456b422d0e4219d58ef713/6abd70001d1b92085a8eedfa_ACL26-Schedule-Wk2-Sun-9.30.webp	2026-09-30
W1	3	au11	Saint Motel	Saint Motel	miller	17:20	18:20	changed		https://cdn.prod.website-files.com/67456b422d0e4219d58ef713/6abd6fe2a62fc3440b25e577_ACL26-Schedule-Wk1-Sun-9.30.webp	2026-09-30
W2	3	au11	Saint Motel	Saint Motel	miller	17:20	18:20	changed		https://cdn.prod.website-files.com/67456b422d0e4219d58ef713/6abd70001d1b92085a8eedfa_ACL26-Schedule-Wk2-Sun-9.30.webp	2026-09-30
W1	3	au12	Parcels	Parcels	miller	19:20	20:35	changed		https://cdn.prod.website-files.com/67456b422d0e4219d58ef713/6abd6fe2a62fc3440b25e577_ACL26-Schedule-Wk1-Sun-9.30.webp	2026-09-30
W2	3	au12	Parcels	Parcels	miller	19:20	20:35	changed		https://cdn.prod.website-files.com/67456b422d0e4219d58ef713/6abd70001d1b92085a8eedfa_ACL26-Schedule-Wk2-Sun-9.30.webp	2026-09-30
W1	3	au13	Rubio	Vinny	bmi	12:45	13:15	changed	printed billing differs; preserve old artist identity, reconcile existing moved set before classifying replacement	https://cdn.prod.website-files.com/67456b422d0e4219d58ef713/6abd6fe2a62fc3440b25e577_ACL26-Schedule-Wk1-Sun-9.30.webp	2026-09-30
W2	3	au14	Marzz	Marzz	bmi	12:45	13:15	same		https://cdn.prod.website-files.com/67456b422d0e4219d58ef713/6abd70001d1b92085a8eedfa_ACL26-Schedule-Wk2-Sun-9.30.webp	2026-09-30
W1	3	au15	Aaron Rowe	Aaron Rowe	bmi	14:00	14:45	same		https://cdn.prod.website-files.com/67456b422d0e4219d58ef713/6abd6fe2a62fc3440b25e577_ACL26-Schedule-Wk1-Sun-9.30.webp	2026-09-30
W2	3	au16	Chelsea Jordan	Chelsea Jordan	bmi	14:15	14:45	changed		https://cdn.prod.website-files.com/67456b422d0e4219d58ef713/6abd70001d1b92085a8eedfa_ACL26-Schedule-Wk2-Sun-9.30.webp	2026-09-30
W1	3	au17	Fancy Hagood	Fancy Hagood	bmi	15:30	16:15	same		https://cdn.prod.website-files.com/67456b422d0e4219d58ef713/6abd6fe2a62fc3440b25e577_ACL26-Schedule-Wk1-Sun-9.30.webp	2026-09-30
W2	3	au18	Vwillz	Vwillz	bmi	15:30	16:15	same		https://cdn.prod.website-files.com/67456b422d0e4219d58ef713/6abd70001d1b92085a8eedfa_ACL26-Schedule-Wk2-Sun-9.30.webp	2026-09-30
W1	3	au19	Lauren Sanderson	Lauren Sanderson	bmi	17:30	18:30	same		https://cdn.prod.website-files.com/67456b422d0e4219d58ef713/6abd6fe2a62fc3440b25e577_ACL26-Schedule-Wk1-Sun-9.30.webp	2026-09-30
W2	3	au20	Sasha Keable	Jason Scott & The High Heat	bmi	18:00	18:30	changed	printed billing differs; preserve old artist identity, reconcile existing moved set before classifying replacement	https://cdn.prod.website-files.com/67456b422d0e4219d58ef713/6abd70001d1b92085a8eedfa_ACL26-Schedule-Wk2-Sun-9.30.webp	2026-09-30
W1	3	au21	Britton	Flight By Nothing	beatbox	14:00	14:45	changed	printed billing differs; preserve old artist identity, reconcile existing moved set before classifying replacement	https://cdn.prod.website-files.com/67456b422d0e4219d58ef713/6abd6fe2a62fc3440b25e577_ACL26-Schedule-Wk1-Sun-9.30.webp	2026-09-30
W2	3	au22	Kevin Atwater	Kevin Atwater	beatbox	14:00	14:45	same		https://cdn.prod.website-files.com/67456b422d0e4219d58ef713/6abd70001d1b92085a8eedfa_ACL26-Schedule-Wk2-Sun-9.30.webp	2026-09-30
W1	3	au23	Underscores	Underscores	beatbox	16:00	16:30	changed		https://cdn.prod.website-files.com/67456b422d0e4219d58ef713/6abd6fe2a62fc3440b25e577_ACL26-Schedule-Wk1-Sun-9.30.webp	2026-09-30
W2	3	au24	Bad Nerves	Bad Nerves	beatbox	15:30	16:30	same		https://cdn.prod.website-files.com/67456b422d0e4219d58ef713/6abd70001d1b92085a8eedfa_ACL26-Schedule-Wk2-Sun-9.30.webp	2026-09-30
W1	3	au25	Noga Erez	Noga Erez	beatbox	17:30	18:30	same		https://cdn.prod.website-files.com/67456b422d0e4219d58ef713/6abd6fe2a62fc3440b25e577_ACL26-Schedule-Wk1-Sun-9.30.webp	2026-09-30
W2	3	au25	Noga Erez	Noga Erez	beatbox	17:30	18:30	same		https://cdn.prod.website-files.com/67456b422d0e4219d58ef713/6abd70001d1b92085a8eedfa_ACL26-Schedule-Wk2-Sun-9.30.webp	2026-09-30
W1	3	au26	Blood Orange	Blood Orange	beatbox	19:30	20:30	same		https://cdn.prod.website-files.com/67456b422d0e4219d58ef713/6abd6fe2a62fc3440b25e577_ACL26-Schedule-Wk1-Sun-9.30.webp	2026-09-30
W2	3	au26	Blood Orange	Blood Orange	beatbox	19:30	20:30	same		https://cdn.prod.website-files.com/67456b422d0e4219d58ef713/6abd70001d1b92085a8eedfa_ACL26-Schedule-Wk2-Sun-9.30.webp	2026-09-30
W1	3	au27	The Moriah Sisters	The Moriah Sisters	titos	12:45	13:30	same		https://cdn.prod.website-files.com/67456b422d0e4219d58ef713/6abd6fe2a62fc3440b25e577_ACL26-Schedule-Wk1-Sun-9.30.webp	2026-09-30
W2	3	au28	Huston-Tillotson University Jazz Collective	Huston-Tillotson University Jazz Collective	titos	12:45	13:30	same		https://cdn.prod.website-files.com/67456b422d0e4219d58ef713/6abd70001d1b92085a8eedfa_ACL26-Schedule-Wk2-Sun-9.30.webp	2026-09-30
W1	3	au29	Paloma Morphy	girlsweetvoiced	titos	14:00	14:45	changed	printed billing differs; preserve old artist identity, reconcile existing moved set before classifying replacement	https://cdn.prod.website-files.com/67456b422d0e4219d58ef713/6abd6fe2a62fc3440b25e577_ACL26-Schedule-Wk1-Sun-9.30.webp	2026-09-30
W2	3	au29	Paloma Morphy	girlsweetvoiced	titos	14:00	14:45	changed	printed billing differs; preserve old artist identity, reconcile existing moved set before classifying replacement	https://cdn.prod.website-files.com/67456b422d0e4219d58ef713/6abd70001d1b92085a8eedfa_ACL26-Schedule-Wk2-Sun-9.30.webp	2026-09-30
W1	3	au30	Calder Allen	Calder Allen	titos	15:15	16:00	same		https://cdn.prod.website-files.com/67456b422d0e4219d58ef713/6abd6fe2a62fc3440b25e577_ACL26-Schedule-Wk1-Sun-9.30.webp	2026-09-30
W2	3	au30	Calder Allen	Calder Allen	titos	15:15	16:00	same		https://cdn.prod.website-files.com/67456b422d0e4219d58ef713/6abd70001d1b92085a8eedfa_ACL26-Schedule-Wk2-Sun-9.30.webp	2026-09-30
W1	3	au31	Rio Kosta	Rio Kosta	titos	16:30	17:30	same		https://cdn.prod.website-files.com/67456b422d0e4219d58ef713/6abd6fe2a62fc3440b25e577_ACL26-Schedule-Wk1-Sun-9.30.webp	2026-09-30
W2	3	au31	Rio Kosta	Rio Kosta	titos	16:30	17:30	same		https://cdn.prod.website-files.com/67456b422d0e4219d58ef713/6abd70001d1b92085a8eedfa_ACL26-Schedule-Wk2-Sun-9.30.webp	2026-09-30
W1	3	au32	Fcukers	Fcukers	titos	18:30	19:30	same		https://cdn.prod.website-files.com/67456b422d0e4219d58ef713/6abd6fe2a62fc3440b25e577_ACL26-Schedule-Wk1-Sun-9.30.webp	2026-09-30
W2	3	au32	Fcukers	Fcukers	titos	18:30	19:30	same		https://cdn.prod.website-files.com/67456b422d0e4219d58ef713/6abd70001d1b92085a8eedfa_ACL26-Schedule-Wk2-Sun-9.30.webp	2026-09-30
W1	3	au33	Silent Disco	Silent Disco	titos	20:00	22:00	same		https://cdn.prod.website-files.com/67456b422d0e4219d58ef713/6abd6fe2a62fc3440b25e577_ACL26-Schedule-Wk1-Sun-9.30.webp	2026-09-30
W2	3	au33	Silent Disco	Silent Disco	titos	20:00	22:00	same		https://cdn.prod.website-files.com/67456b422d0e4219d58ef713/6abd70001d1b92085a8eedfa_ACL26-Schedule-Wk2-Sun-9.30.webp	2026-09-30
W1	3	au34	Sunday (1994)	Sunday (1994)	snapchat	14:00	14:45	same		https://cdn.prod.website-files.com/67456b422d0e4219d58ef713/6abd6fe2a62fc3440b25e577_ACL26-Schedule-Wk1-Sun-9.30.webp	2026-09-30
W2	3	au34	Sunday (1994)	Sunday (1994)	snapchat	14:00	14:45	same		https://cdn.prod.website-files.com/67456b422d0e4219d58ef713/6abd70001d1b92085a8eedfa_ACL26-Schedule-Wk2-Sun-9.30.webp	2026-09-30
W2	3	au35	Grace Ives	Grace Ives	snapchat	15:30	16:30	same		https://cdn.prod.website-files.com/67456b422d0e4219d58ef713/6abd70001d1b92085a8eedfa_ACL26-Schedule-Wk2-Sun-9.30.webp	2026-09-30
W1	3	au36	Cannons	Cannons	snapchat	17:30	18:30	same		https://cdn.prod.website-files.com/67456b422d0e4219d58ef713/6abd6fe2a62fc3440b25e577_ACL26-Schedule-Wk1-Sun-9.30.webp	2026-09-30
W2	3	au37	Houndmouth	Houndmouth	snapchat	17:30	18:30	same		https://cdn.prod.website-files.com/67456b422d0e4219d58ef713/6abd70001d1b92085a8eedfa_ACL26-Schedule-Wk2-Sun-9.30.webp	2026-09-30
W1	3	au38	The War On Drugs	The War On Drugs	snapchat	19:30	20:30	same		https://cdn.prod.website-files.com/67456b422d0e4219d58ef713/6abd6fe2a62fc3440b25e577_ACL26-Schedule-Wk1-Sun-9.30.webp	2026-09-30
W2	3	au38	The War On Drugs	The War On Drugs	snapchat	19:30	20:30	same		https://cdn.prod.website-files.com/67456b422d0e4219d58ef713/6abd70001d1b92085a8eedfa_ACL26-Schedule-Wk2-Sun-9.30.webp	2026-09-30
W1	3	au39	Villanelle	Villanelle	amex	13:15	14:00	same		https://cdn.prod.website-files.com/67456b422d0e4219d58ef713/6abd6fe2a62fc3440b25e577_ACL26-Schedule-Wk1-Sun-9.30.webp	2026-09-30
W2	3	au40	Rum Jungle	Rum Jungle	amex	13:15	14:00	same		https://cdn.prod.website-files.com/67456b422d0e4219d58ef713/6abd70001d1b92085a8eedfa_ACL26-Schedule-Wk2-Sun-9.30.webp	2026-09-30
W1	3	au41	Dexter And The Moonrocks	Dexter And The Moonrocks	amex	14:45	15:30	same		https://cdn.prod.website-files.com/67456b422d0e4219d58ef713/6abd6fe2a62fc3440b25e577_ACL26-Schedule-Wk1-Sun-9.30.webp	2026-09-30
W2	3	au42	Ethan Regan	Ethan Regan	amex	14:45	15:30	same		https://cdn.prod.website-files.com/67456b422d0e4219d58ef713/6abd70001d1b92085a8eedfa_ACL26-Schedule-Wk2-Sun-9.30.webp	2026-09-30
W1	3	au43	Max McNown	Max McNown	amex	16:30	17:30	same		https://cdn.prod.website-files.com/67456b422d0e4219d58ef713/6abd6fe2a62fc3440b25e577_ACL26-Schedule-Wk1-Sun-9.30.webp	2026-09-30
W2	3	au43	Max McNown	Max McNown	amex	16:30	17:30	same		https://cdn.prod.website-files.com/67456b422d0e4219d58ef713/6abd70001d1b92085a8eedfa_ACL26-Schedule-Wk2-Sun-9.30.webp	2026-09-30
W1	3	au44	Sofi Tukker	Sofi Tukker	amex	18:30	19:30	same		https://cdn.prod.website-files.com/67456b422d0e4219d58ef713/6abd6fe2a62fc3440b25e577_ACL26-Schedule-Wk1-Sun-9.30.webp	2026-09-30
W2	3	au44	Sofi Tukker	Sofi Tukker	amex	18:30	19:30	same		https://cdn.prod.website-files.com/67456b422d0e4219d58ef713/6abd70001d1b92085a8eedfa_ACL26-Schedule-Wk2-Sun-9.30.webp	2026-09-30
W1	3	au45	Twenty One Pilots	Twenty One Pilots	amex	20:30	22:00	same	; closer end22:00 retained from existing policy, grid prints start only	https://cdn.prod.website-files.com/67456b422d0e4219d58ef713/6abd6fe2a62fc3440b25e577_ACL26-Schedule-Wk1-Sun-9.30.webp	2026-09-30
W2	3	au45	Twenty One Pilots	Twenty One Pilots	amex	20:30	22:00	same	; closer end22:00 retained from existing policy, grid prints start only	https://cdn.prod.website-files.com/67456b422d0e4219d58ef713/6abd70001d1b92085a8eedfa_ACL26-Schedule-Wk2-Sun-9.30.webp	2026-09-30
W1	3	au21	Britton	Britton	snapchat	15:30	16:30	moved-existing-identity	Preserve Britton identity; Flight By Nothing is a new act, not a rename	https://cdn.prod.website-files.com/67456b422d0e4219d58ef713/6abd6fe2a62fc3440b25e577_ACL26-Schedule-Wk1-Sun-9.30.webp	2026-09-30
