# III Points 2026 lineup-by-day graphic, transcribed by hand 2026-09-30.
# Source: https://d3vhc53cl8e8km.cloudfront.net/hello-staging/wp-content/uploads/sites/72/2026/07/15114208/IIIP26_PHASE-2-LUBD-v2-01-scaled.jpg
# sha256 bb5ddb4d45873e526a0cc846f9bbf234981e8052fe0f22815129d95417e8a8a7 · 2560x1600 · Last-Modified 2026-07-15 18:42:09 UTC
# embedded on https://www.iiipoints.com/lineup-2026/ . day 1 = Friday October 16, day 2 = Saturday October 17.
# zone: centre | 444 (4-hour extended sets box) | ring-red | ring-lilac | ring-pink | ring-blue | local (lower panel).
# billing is as printed (the graphic sets it in capitals; case here is for reading). No stage, no set time: the graphic has neither.
day	zone	billing
1	centre	Connan Mockasin
1	centre	Purity Ring
1	centre	Disco Lines
1	centre	Parcels
1	centre	Lil' Kim
1	centre	Honey Dijon
1	centre	Hamdi
1	centre	Flying Lotus
1	centre	Men I Trust
1	centre	PAWSA
1	centre	Beltran B2B Ben Sterling
1	centre	Tokischa
1	centre	Danny Brown
1	centre	Levity B2B Taiki Nulight
1	centre	Cloonee
1	centre	Jane Remover
1	centre	Underscores
1	centre	Vintage Culture B2B Max Styler
1	centre	Odd Mob
1	centre	Bone Thugs-N-Harmony
1	444	Floating Points
1	444	DJ Harvey
1	444	Heidi Lawden
1	ring-red	Brunello B2B Rafael
1	ring-red	Nate Sib
1	ring-red	Mind Enterprises
1	ring-red	GZA performing Liquid Swords
1	ring-red	Jigitz
1	ring-red	Ahmed Spins B2B OMRI.
1	ring-red	Ivy Lab
1	ring-red	Mary Droppinz
1	ring-red	Jacques Greene
1	ring-lilac	Discip
1	ring-lilac	Miguelle & Tons B2B Saraga
1	ring-lilac	Shanti Celeste B2B Peach
1	ring-lilac	Danny Daze B2B DJ Godfather
1	ring-lilac	Zep
1	ring-lilac	ITBSP
1	ring-lilac	INVT
1	ring-lilac	Roddy Lima
1	ring-lilac	Eli Escobar B2B Jubilee
1	ring-lilac	Ragie Ban
1	ring-pink	Jump Source (live)
1	ring-pink	MGNA Crrrta
1	ring-pink	Tech Girls
1	ring-pink	BOYGIRL
1	ring-pink	Corridos Ketamina
1	ring-pink	Patch+
1	ring-pink	Dan Molinari
1	ring-pink	Maher Daniel B2B Mai Iachetti
1	ring-pink	Moscoman
1	ring-pink	Malóne Morez B2B Miluhska
1	ring-pink	R/V Calypso
1	ring-blue	Dr. Rubinstein B2B Ultrathem
1	ring-blue	Joanna Kuchta B2B Robyn Sin Love
1	ring-blue	Oma Totem B2B True Vine
1	ring-blue	Slugg B2B Raje
1	ring-blue	Bill Patrick B2B Bort
1	ring-blue	Vania Junco
1	ring-blue	Rello
1	ring-blue	Bakke
1	ring-blue	Vifro
1	ring-blue	Elias Garcia B2B Mila Gama
1	local	Thunderpony B2B Tiffy Vera
1	local	Grace Arribas B2B Marte
1	local	Lousy Lover B2B Lucaz
1	local	Differ
1	local	Inbal B2B Rimaye
1	local	Taimur B2B Will Buck
1	local	Miguel Clark B2B Naim Zarzour
1	local	Aabel B2B Siegel
1	local	Rental Snakes (live)
1	local	Nicholas G. Padilla
1	local	Uchi
1	local	Will Renuart
1	local	Mr. Brown
1	local	Nicole Gallamini B2B Nikita Green
1	local	Eveava B2B Jovigibs
1	local	Cami Di Marzo
1	local	Eco-Sistema
1	local	Gio Elia B2B Meghan Lee
1	local	Daizy
1	local	Extra Andrew B2B Mutant Pete
1	local	Maccabiii B2B Pezlo MD
1	local	Alejo
1	local	Feph B2B Mr. Tron
1	local	Megusta B2B Migs
1	local	Jeremy Ismael
1	local	Puma
1	local	Kumi
1	local	Julia Saturno B2B Lotusoph
1	local	Godisound
1	local	Adam At The Door
1	local	Fiin
1	local	Katie Ox B2B Nat Siriani
1	local	Deep Cleansing
1	local	Lagrimas de Oro
1	local	Baby Jesus B2B Chaos!
1	local	Duun B2B Sleepy C
1	local	Sportswax
1	local	Proletar B2B Zamurai
1	local	Alexx in Chainss B2B Soltek
1	local	DJ Sabi B2B Grue5ome
1	local	Ackdaddy
1	local	Fiuza
1	local	Lauren Palma
1	local	Aphex Twink B2B Foreseer
1	local	Mason Norris B2B Mia Vendetta
2	centre	Adam Port
2	centre	Rusowsky
2	centre	Bassvictim
2	centre	Sosa
2	centre	Underworld
2	centre	Kelela
2	centre	Max Dean B2B Luke Dean
2	centre	Tricky
2	centre	Charlotte de Witte
2	centre	Blood Orange
2	centre	Four Tet
2	centre	Horsegiirl
2	centre	Fakemink
2	centre	Kettama
2	centre	KI/KI
2	centre	VTSS
2	centre	999999999
2	centre	Marco Carola B2B Franky Rizardo
2	centre	Interplanetary Criminal
2	centre	¥ØU$UK€ ¥UKIMAT$U
2	444	Seth Troxler
2	444	Red Axes
2	444	Willikens & Ivkovic
2	ring-red	Ear
2	ring-red	ML Buch
2	ring-red	Omar+
2	ring-red	Daphni
2	ring-red	Sunn O)))
2	ring-red	Machine Girl
2	ring-red	Tiga
2	ring-red	Chasewest
2	ring-red	MPH
2	ring-red	HAAi
2	ring-red	Loukeman
2	ring-red	Fine
2	ring-red	Chanel Beads
2	ring-red	Roman Flügel
2	ring-lilac	Dean Turnley
2	ring-lilac	Nick León B2B Safety Trance
2	ring-lilac	Silvie Loto B2B Ms. Mada
2	ring-lilac	Rebolledo
2	ring-lilac	Whitesquare
2	ring-lilac	YHWH Nailgun
2	ring-lilac	Marsolo
2	ring-lilac	Kinahau
2	ring-lilac	Joss Dean
2	ring-pink	David Vunk
2	ring-pink	DJ Three B2B Sister System
2	ring-pink	Coffintexts B2B DJ Fuckoff
2	ring-pink	Sam Alfred
2	ring-pink	Cole Knight B2B Dreya V
2	ring-pink	res_ (live)
2	ring-pink	Faith Leazae
2	ring-pink	Idriss D B2B Danyelino
2	ring-blue	Berrakka B2B Pressure Point
2	ring-blue	Natalia Roth B2B Max Stern
2	ring-blue	Mystic Bill B2B Artime
2	ring-blue	Terence Tabeau
2	ring-blue	Ashley Venom B2B Souls Departed
2	ring-blue	Camp Blu
2	ring-blue	Velora
2	ring-blue	Doris Dana (live)
2	local	1-800-305
2	local	2UP!
2	local	Saturnsarii B2B Suz
2	local	SEL.6
2	local	Ale Acosta B2B Hazón
2	local	DJ Ray B2B Ez Dee
2	local	Ladyboy
2	local	Monoky
2	local	Nii Tei
2	local	Mr. Bitch
2	local	Generous B B2B Hakuna
2	local	Phiphi B2B Winter Wrong
2	local	Jason Rault
2	local	Jencarlos
2	local	Ellynora
2	local	Day/Dem
2	local	Vvilhelm
2	local	Marie Qrie B2B Viva Vidal
2	local	Rude Boy B2B SDRV
2	local	Liquid Dinosaurs
2	local	Jinn_PR
2	local	Kujo B2B Rara
2	local	Alezsandro B2B Dalva
2	local	Romulo Del Castillo B2B Jinks
2	local	Shir Miya B2B Grant Sabadash
2	local	Allnightkev B2B Lo-G
2	local	Milo Ziro B2B Xilla
2	local	619!
2	local	Shinobi
2	local	Duality B2B Gumthewrapper
2	local	Dude Skywalker
2	local	Lady Narcisse B2B Racci
2	local	Spice Crime B2B Violeta
2	local	Bonita Applebumz B2B Toni Shardai
2	local	Lupreme B2B Santo
2	local	Dennis Baker B2B D.Luxe
2	local	Bozito B2B Gabo Escalona
2	local	Lizzie_McGuire
2	local	Vsyana
2	local	Mango B2B Mister Lo
2	local	La BB
2	local	Domnrob
2	local	Saint & Romero (hybrid)
2	local	Carter Jackson-Brown
2	local	Santiago Villu
2	local	Khami
2	local	JBZ
