day	stage	start	end	artist
1	Mind Melt	16:00	17:00	Ackdaddy
1	Mind Melt	17:05	17:35	Vania Junco
1	Mind Melt	18:00	19:00	Connan Mockasin
1	Mind Melt	19:25	20:15	Men I Trust
1	Mind Melt	20:45	22:00	Parcels
1	Mind Melt	22:30	23:15	Tokischa
1	Mind Melt	23:30	01:00	Cloonee
1	Mind Melt	01:00	02:30	Beltran B2B Ben Sterling
1	Mind Melt	02:30	04:00	PAWSA
1	Sector 3	16:00	17:00	Kumi
1	Sector 3	17:05	17:45	Cumbiamba
1	Sector 3	18:10	18:40	amar
1	Sector 3	19:00	19:55	Ghostface Killah presents Supreme Clientele
1	Sector 3	20:15	21:00	Bone Thugs-N-Harmony
1	Sector 3	21:15	22:00	Lil' Kim
1	Sector 3	22:20	23:10	Mind Enterprises
1	Sector 3	23:35	00:25	Purity Ring
1	Sector 3	00:45	01:30	Danny Brown
1	Sector 3	01:50	02:35	Jane Remover
1	Sector 3	03:00	04:00	Flying Lotus
1	Isotropic	16:00	17:15	Fiin
1	Isotropic	17:15	18:30	Daizy
1	Isotropic	18:30	20:00	Maher Daniel B2B Mai Iachetti
1	Isotropic	20:00	21:30	Malóne B2B Miluhska
1	Isotropic	21:30	23:00	Miguelle & Tons B2B Saraga
1	Isotropic	23:00	00:30	Brunello B2B Rafael
1	Isotropic	00:30	02:00	Ahmed Spins B2B OMRI.
1	Isotropic	02:00	04:00	Vintage Culture B2B Max Styler
1	RC95	16:00	17:15	Mason Norris B2B Mia Vendetta
1	RC95	17:15	18:15	Proletar B2B Zamurai
1	RC95	18:15	19:15	V1FRO
1	RC95	19:15	20:15	1tbsp
1	RC95	20:15	21:15	Jigitz
1	RC95	21:15	22:15	Mary Droppinz
1	RC95	22:15	23:15	Ivy Lab
1	RC95	23:15	00:15	Hamdi
1	RC95	00:15	01:30	Levity B2B Taiki Nulight
1	RC95	01:30	02:45	Odd Mob
1	RC95	02:45	04:00	Disco Lines
1	444	16:00	20:00	Heidi Lawden
1	444	20:00	00:00	DJ Harvey
1	444	00:00	04:00	Floating Points
1	S3QUENC3	16:00	18:00	duun B2B Sleepy C
1	S3QUENC3	18:00	19:15	R/V Calypso
1	S3QUENC3	19:15	20:45	Jump Source (Live)
1	S3QUENC3	20:45	22:00	Jacques Greene
1	S3QUENC3	22:00	23:30	Eli Escobar B2B Jubilee
1	S3QUENC3	23:30	01:00	Danny Daze B2B DJ Godfather
1	S3QUENC3	01:00	02:30	Shanti Celeste B2B Peach
1	S3QUENC3	02:30	04:00	Honey Dijon
1	Grand Central	16:30	17:00	Lylac
1	Grand Central	17:25	17:55	iiry?
1	Grand Central	18:15	19:00	Blind Fish
1	Grand Central	19:15	20:00	Nicholas G. Padilla
1	Grand Central	20:15	21:00	Rental Snakes (Live)
1	Grand Central	21:15	21:55	Corridos Ketamina
1	Grand Central	22:10	22:55	Patch+
1	Grand Central	23:15	00:00	nate sib
1	Grand Central	00:20	00:50	B0YG1RL
1	Grand Central	01:10	01:55	MGNA Crrrta
1	Grand Central	02:15	03:00	ZEP
1	Vertex	16:00	17:30	Megusta B2B MIGS
1	Vertex	17:30	19:00	Grace Arribas B2B MARTE
1	Vertex	19:00	20:15	Rello
1	Vertex	20:15	21:30	Dan Molinari
1	Vertex	21:30	23:00	Slugg B2B RAJE
1	Vertex	23:00	00:15	Roddy Lima
1	Vertex	00:15	01:30	Discip
1	Vertex	01:30	02:45	Ragie Ban
1	Vertex	02:45	04:00	INVT
1	Door IV	16:00	18:00	Feph B2B Mr. Tron
1	Door IV	18:00	19:15	Adam At The Door
1	Door IV	19:15	20:30	Uchi
1	Door IV	20:30	22:00	Julia Saturno B2B Lotusoph
1	Door IV	22:00	23:30	Gio Elia B2B Meghan Lee
1	Door IV	23:30	01:00	Bill Patrick B2B Bort
1	Door IV	01:00	02:45	oma totem B2B True Vine
1	Door IV	02:45	04:00	eco-sistema
1	Halo 88	16:00	17:30	Aphex Twink B2B FORESEER
1	Halo 88	17:30	19:00	DJ Sabi B2B GRUE5OME
1	Halo 88	19:00	20:00	ALEJO
1	Halo 88	20:00	21:15	Miguel Clark B2B Naim Zarzour
1	Halo 88	21:15	22:30	FIUZA B2B Madison Kay
1	Halo 88	22:30	00:00	Elias Garcia B2B Mila Gama
1	Halo 88	00:00	01:30	Dr. Rubinstein B2B Ultrathem
1	Halo 88	01:30	03:00	Joanna Kuchta B2B Robyn Sin Love
1	Halo 88	03:00	04:00	Tech G1rls
1	Unforeseen	16:00	18:00	Katie Ox B2B Nat Siriani
1	Unforeseen	18:00	19:30	Thunderpony B2B Tiffy Vera
1	Unforeseen	19:30	21:00	Aabel B2B Siegel
1	Unforeseen	21:00	22:30	Maccabi B2B Pezlo MD
1	Unforeseen	22:30	23:45	Moscoman
1	Unforeseen	23:45	01:15	eveava B2B Jovigibs
1	Unforeseen	01:15	02:30	Bakke
1	Unforeseen	02:30	04:00	Lousy Lover B2B Lucaz
1	III Points Radio	16:00	18:00	Sportswax
1	III Points Radio	18:00	19:30	Extra Andrew B2B Mutant Pete
1	III Points Radio	19:30	21:00	Nicole Gallamini B2B Nikita Green
1	III Points Radio	21:00	22:30	Inbal B2B Rimaye
1	III Points Radio	22:30	23:45	Will Renuart
1	III Points Radio	23:45	01:15	Taimur B2B Will Buck
1	III Points Radio	01:15	02:30	Godisound
1	III Points Radio	02:30	04:00	Alexx in Chainss B2B Soltek
1	Players Club	16:00	17:30	Scotty Sobek
1	Players Club	17:30	18:45	Lauren Palma
1	Players Club	18:45	20:00	Lagrimas de Oro
1	Players Club	20:00	21:15	Deep Cleansing
1	Players Club	21:15	22:45	Baby Jesus B2B CHAOS!
1	Players Club	22:45	00:00	Puma
1	Players Club	00:00	01:15	Cami di Marzo
1	Players Club	01:15	02:45	Dude Skywalker
1	Players Club	02:45	04:00	Differ
2	Mind Melt	16:00	17:00	Carter Jackson-Brown
2	Mind Melt	17:15	18:05	Loukeman
2	Mind Melt	18:20	19:00	ear
2	Mind Melt	19:25	20:10	Nettspend
2	Mind Melt	20:40	21:50	Blood Orange
2	Mind Melt	22:15	23:30	Adam Port
2	Mind Melt	00:00	01:00	Underworld
2	Mind Melt	01:30	02:45	Four Tet
2	Mind Melt	02:45	04:00	KETTAMA
2	Sector 3	16:15	16:45	Nikole
2	Sector 3	17:00	17:30	doris dana (Live)
2	Sector 3	17:45	18:30	res_ (Live)
2	Sector 3	18:45	19:30	ML Buch
2	Sector 3	19:55	20:45	Tricky
2	Sector 3	21:10	21:55	rusowsky
2	Sector 3	22:20	23:05	Kelela
2	Sector 3	23:30	00:20	horsegiirL
2	Sector 3	00:40	01:25	Bassvictim
2	Sector 3	01:45	02:35	Machine Girl
2	Sector 3	03:00	04:00	Sunn O)))
2	Isotropic	16:00	17:15	La BB
2	Isotropic	17:15	18:30	GodBlessJai
2	Isotropic	18:30	20:00	Silvie Loto B2B Ms. Mada
2	Isotropic	20:00	21:15	Marsolo
2	Isotropic	21:15	22:30	Omar+
2	Isotropic	22:30	23:45	ChaseWest
2	Isotropic	23:45	01:00	Sosa
2	Isotropic	01:00	02:30	Max Dean B2B Luke Dean
2	Isotropic	02:30	04:00	Marco Carola B2B Franky Rizardo
2	RC95	16:00	17:00	DomnRob
2	RC95	17:00	18:15	Generous B B2B Hakuna
2	RC95	18:15	19:30	Cole Knight B2B DREYA V
2	RC95	19:30	20:45	Coffintexts B2B DJ Fuckoff
2	RC95	20:45	22:00	Nick León
2	RC95	22:00	23:15	KI/KI
2	RC95	23:15	00:30	¥ØU$UK€ ¥UK1MAT$U
2	RC95	00:30	01:30	VTSS
2	RC95	01:30	02:45	999999999
2	RC95	02:45	04:00	Charlotte de Witte
2	444	16:00	20:00	Willikens & Ivkovic
2	444	20:00	00:00	Red Axes
2	444	00:00	04:00	Seth Troxler
2	S3QUENC3	16:00	17:45	Grant Sabadash B2B Shir Miya
2	S3QUENC3	17:45	19:15	Natalia Roth B2B Max Stern
2	S3QUENC3	19:15	20:30	Rebolledo
2	S3QUENC3	20:30	21:45	Whitesquare
2	S3QUENC3	21:45	23:00	Roman Flügel
2	S3QUENC3	23:00	00:15	Daphni
2	S3QUENC3	00:15	01:30	Interplanetary Criminal
2	S3QUENC3	01:30	02:45	HAAi
2	S3QUENC3	02:45	04:00	Tiga
2	Grand Central	16:15	16:45	Huracán
2	Grand Central	17:10	17:40	VVilhelm
2	Grand Central	18:05	18:35	Camp Blu
2	Grand Central	19:00	19:30	Homicide Jenny
2	Grand Central	19:55	20:25	LADYBOY
2	Grand Central	20:50	21:20	Emily Afre
2	Grand Central	21:45	22:30	Fine
2	Grand Central	22:55	23:40	Chanel Beads
2	Grand Central	00:05	00:35	Velora
2	Grand Central	01:00	01:45	YHWH Nailgun
2	Grand Central	02:00	03:00	Crespi Drum Syndicate (Live)
2	Vertex	16:00	17:30	Allnightkev B2B Lo-G
2	Vertex	17:30	19:00	Alezsandro B2B Dalva
2	Vertex	19:00	20:30	Idriss D B2B Danyelino
2	Vertex	20:30	21:45	Joss Dean
2	Vertex	21:45	23:00	KinAhau
2	Vertex	23:00	00:15	Dean Turnley
2	Vertex	00:15	01:30	Sam Alfred
2	Vertex	01:30	02:45	MPH
2	Vertex	02:45	04:00	2UP!
2	Door IV	16:00	17:15	vsyana
2	Door IV	17:15	18:45	serafitz B2B SOL Discos
2	Door IV	18:45	20:15	DJ Ray B2B EZ Dee
2	Door IV	20:15	21:45	Mystic Bill B2B Artime
2	Door IV	21:45	23:45	David Vunk
2	Door IV	23:45	01:00	Terence Tabeau
2	Door IV	01:00	02:30	DJ Three B2B Sister System
2	Door IV	02:30	04:00	Ashley Venom B2B Souls Departed
2	Halo 88	16:00	17:00	Khami
2	Halo 88	17:00	18:00	Dennis Baker B2B D.Luxe
2	Halo 88	18:00	19:15	Bricolage B2B DAY/DEM
2	Halo 88	19:15	20:30	Lupreme B2B SANTO
2	Halo 88	20:30	21:45	Bonita Applebumz B2B Toni Shardai
2	Halo 88	21:45	23:00	Playshado B2B SEL.6
2	Halo 88	23:00	00:00	Mr. Bitch
2	Halo 88	00:00	01:15	Berrakka B2B Pressure Point
2	Halo 88	01:15	01:45	Faith Leazae
2	Halo 88	01:45	03:00	Lady Narcisse B2B Racci
2	Halo 88	03:00	04:00	Duality B2B GumtheWrapper
2	Unforeseen	16:00	17:30	P1no B2B Trippie Hippie
2	Unforeseen	17:30	18:45	Bozito B2B Gabo Escalona
2	Unforeseen	18:45	20:00	Spice Crime B2B Violeta
2	Unforeseen	20:00	21:15	Ale Acosta B2B Hazón
2	Unforeseen	21:15	22:15	JINN_PR
2	Unforeseen	22:15	23:30	619!
2	Unforeseen	23:30	00:45	1-800-305
2	Unforeseen	00:45	02:15	SATURNSARii B2B SUZ
2	Unforeseen	02:15	02:45	Liquid Dinosaurs
2	Unforeseen	02:45	04:00	Kujo B2B RARA
2	III Points Radio	16:00	17:00	nxtel
2	III Points Radio	17:00	18:00	Shinobi
2	III Points Radio	18:00	19:30	Jinks B2B Romulo Del Castillo
2	III Points Radio	19:30	21:00	Milo Ziro B2B Xilla
2	III Points Radio	21:00	22:30	Marie Qrie B2B Viva Vidal
2	III Points Radio	22:30	00:00	Rude Boy B2B SDRV
2	III Points Radio	00:00	01:30	phiphi B2B Winter Wrong
2	III Points Radio	01:30	02:30	Lizzie_mcguire
2	III Points Radio	02:30	04:00	Mango B2B Mister Lo
2	Players Club	16:00	17:30	DJ Ahamed
2	Players Club	17:30	18:30	JBZ
2	Players Club	18:30	19:45	Villu
2	Players Club	19:45	20:45	Canela
2	Players Club	20:45	22:00	Ellynora
2	Players Club	22:00	23:00	Saint & Romero (Hybrid)
2	Players Club	23:00	00:15	Jeremy Ismael
2	Players Club	00:15	01:30	Jason Rault
2	Players Club	01:30	02:45	Nii Tei
2	Players Club	02:45	04:00	Monoky
